,channel,text,datetime,label
1,bad kpi,студентики на узенькую лестничку,2019-12-02 08:10:12+02:00,-1
2,good kpi,у первого корпуса ремонтируют лавочки,2019-06-10 14:05:12+03:00,1
3,bad kpi,"я думала роблять ремонт в ліфтах за рахунок грошей, що виділяє держава на студентів, а не на викладачів 😔",2019-12-02 08:29:41+02:00,-1
4,good kpi,"в дополнение всем предыдущим постам про кушлабу
оставляет впечатление добрейшего из всех людей, любит студентов не за зубрёжку грамматики, а за личное мнение и возможность его хорошо донести. балами никого не обделил, все довольны
дай бог здоровья кушлабе, рили",2019-06-11 17:42:00+03:00,1
5,bad kpi,просто пользуйтесь лифтом. любые предъявы и конфликты снимайте на видео.,2019-12-02 08:40:46+02:00,-1
6,good kpi,"#фмф
бойко вячеслав николаевич. просто восхитительный преподаватель. очень увлечённый своим делом человек, прекрасно ориентирующийся в куче вещей. тот редкий «случай», который разжуёт материал, положит в рот и, как заботливая мама-птица, проследит, чтоб все съели) его действительно заботят студенты. к каждому ищет свой подход, ту же домашку, проверенную, исправленную и с пояснениями, почтив всегда скидывает в тот же день, в который её получил, даже если она была прислана поздним вечером. кроме того, рассказывает о многих интересных вещах за пределами своего предмета и всегда может подсказать какую-нибудь крутую тему для самостоятельного изучения. 
в общем и целом, шикарный препод и человек, который вызывает опасное желание учиться, и перед которым стыдно за каждую халтуру)",2019-06-11 21:26:44+03:00,1
7,bad kpi,"про лифт. хотел спросить, законно ли универу запрещать пользоваться лифтом студентам? это можно как-то оспорить? возможно есть какие-то нормы или положения которые это регулируют",2019-12-02 08:44:04+02:00,-1
8,good kpi,туалеты в библио как пример для подражания всем кпишным уборным,2019-06-11 21:55:58+03:00,1
9,bad kpi,запрещать студентам пользоваться лифтом незаконно,2019-12-02 08:44:23+02:00,-1
10,good kpi,"#іат
(факс)

мариношенко олександр петрович. 
один із найкращих викладачів, яких я знаю. прекрасний фахівець своєї галузі, на його рахунку велика кількість науково-методичних праць та статей, має власні патенти.  жодної його лекції із теоретичної мехніки не пропустив/проспав, оскільки сам матеріал, який він дає і  розжовує  до найменших дрібниць - цікавий, а головне все доступною мою. 
скільки разів підходив до нього, завжд доносив і роз‘яснював незрозумілі моменти. і взагалі чудова людина, завжди лояльно ставиться до студентів, вміє гарно пожартувати, постійно на одній хвилі із студентами.
p.s
якщо лінь писати конспект, який тобі допоможе якісно  підготуватися до іспиту, то це не викладач поганий.",2019-06-12 03:58:29+03:00,1
11,bad kpi,"исправили! 😍

перенесли аудиторию с 1-20 в 56-14",2019-12-02 09:31:52+02:00,-1
12,good kpi,"#псф
хочу написать про преподавателя математики сулиму ольгу викторовну. хоть она и очень своеобразно себя ведет, не пускает на пары на минутное опоздание, иногда немного жестит, но это реально заставляет тебя учить и любить высшую математику. при чем, сама по себе она очень добрый человек, всегда поймет студента и с ней всегда можно договориться. для того, чтобы готовиться к экзамену достаточно просто учить конспект, т.к. на лекциях она выдает абсолютно весь нужный материал. доп литература не особо нужна, а лекционные тетради можно продавать как полоноценные учебники. преподаватель вызывает огромную любовь и уважение. лучше преподавателя математики, чем она не видел.",2019-06-12 06:31:27+03:00,1
13,bad kpi,"по поводу лифта. объявление даже не имеет автора, потому можно со спокойной душой его игнорировать.",2019-12-02 09:33:08+02:00,-1
14,good kpi,"спасибо радио за сегодняшнюю песню из кадетов, как раз во время консультации по екзамену 😂💜",2019-06-13 13:57:24+03:00,1
15,bad kpi,просто отклейте эту бумажку. и в корзину.,2019-12-02 09:37:33+02:00,-1
16,good kpi,в туалете первого корпуса установили бойлер,2019-06-14 10:44:05+03:00,1
17,bad kpi,"пришли рабочие, перекрыли воду, разваливают блок❤️никто не предупредил. 20ка",2019-12-02 11:57:45+02:00,-1
18,good kpi,адмика наконец-то вроде как решила проблему с ковалюк спустя.... минимум 5 лет с момента ее появления. удивительная скорость.,2019-06-14 14:33:51+03:00,1
19,bad kpi,"хтось питався, як отримати студентську ліцензію autocad. доповідаю: наш університет не має програми взаємодії з autodesk, але це жодним чином не заважає отримувати студентські ліцензії. алгоритм: 1.створити акаунт на https://accounts.autodesk.com/register, вказати на початку 
coutry=ukraine
educational role = student
institution type = university
2.підтвердити електронну пошту
3.після підтвердження запитає відомості про університет. вказати назву
national technical university of ukraine “igor sikorsky kyiv polytechnic institute”
та період навчання.
4.після продовження система зауважить
the record doesn’t exist in our database
натиснути
add it to our records?
вказати ту саму назву університету,
city=kyiv, state=kyiv
додати
5.після цього поверне на форму уточнення освітніх даних, натистути ""continut"" і акаунт буде підтверджений
6.далі заходити на 
https://www.autodesk.com/education/free-software/autocad#
обирати версію, ос та мову (краще english) та отримати серійний номер, код та інсталятор.
7. enjoy",2019-12-02 18:47:20+02:00,-1
20,good kpi,выгрузил аудио из поста на облако,2019-06-14 15:11:38+03:00,1
21,bad kpi,"#фп. ифф, 1 курс
сьогодні довго думав чи йти  першою пару на відпрацювання фп (спец група), вирішив піти. в роздягальні, після того як я переодягнувся, закортіло в туалет, коли я вийшов з туалету, виявилося що мене зачинили в роздягальні, намагався кричати, але все марно. сиджу вже 10 хвилин
пс: буду тримати в курсі",2019-12-03 07:21:12+02:00,-1
22,good kpi,"#ипса
брайко наталья игнатьевна, спецгруппа фп
увидела пост про неё и решила тоже добавить. очень хороший преподаватель. временами строгий, но по делу и в меру. на первом курсе мальчик посоветовал мне ходить именно на ее пары, и, побывав на парах остальных преподавателей, я поняла почему он подсказал мне ходить на пары натальи игнатьевны. всегда совершенствуется и привносит что-то новое. очень понимающая и хорошая. каждое занятие проходит приятно и с юмором. рада, что эти два года впоследствии я проходила именно на её занятия. видно, что преподаватель любит свою работу и не поверхностно общается со студентами, а к каждому находит индивидуальный подход.",2019-06-15 15:25:56+03:00,1
23,bad kpi,"#фп, продовження історії 
вже через 40 хвилин заточення, прийшов друг, який попросив викладача відчинити двері, коли вона побачила мене, намагалася зробити винного з мене:"" що ти тут робиш, я заходила і питала чи є тут хтось"", хоча я, звісно, цього не чув. на пару впустили разом з другом.",2019-12-03 08:07:32+02:00,-1
24,good kpi,"прочитал что на защиту диплома надо принести какие-то плакаты. спросил у руководителя, он сказал что это устаревшая штука, что раньше когда на кафедре ещё рисовались чертежи они на эти плакаты выносились. дав понять что так уж есть посоветовал что на них вынести.

я пошёл к заместителю заведующего кафедры и спросил - а зачем эти плакаты если это устаревшая штука(в плане не соответствует положению дел на кафедре, чертежей давно нет) и все что я могу на них изобразить можно вставить в презентацию? 
он сначало ломался, говорил что плакаты нужны согласно положению в котором прописано как происходит защита, но потом согласился что можно без них. 

у нас проходит защита без плакатов.",2019-06-17 21:08:00+03:00,1
25,bad kpi,"на политехнической трудно идти 
дорога скользкая, а посыпать её даже никто не пытается",2019-12-03 08:54:23+02:00,-1
26,good kpi,"#фивт
габинет артем викторович
организация компьютерных сетей

хочу высказать свое мнение по поводу этого предмета и преподавателя, которым я остался полностью доволен
артем викторович смог заинтересовать и вовлечь в этот предмет, прояснил «что такое интернет» и рассказал даже больше чем требуют на собеседовании от программиста.

1. методика преподавания

 - артем викторович объяснял все простыми словами и делал подводки к темам, в начале так вообще, сделал плавное вхождение в курс, за что ему спасибо.
 - каждую пару мы тратили время на  повторение материала прошлой лекции, что позволяло лучше усвоить материал и не забывать пройденное.
 - давал нам задачки на лекциях, на сообразительность и понимание того, как устроены сети, некоторые из них даже поощрялись.
 - позволял некоторым студентам выступать с докладами по отдельным подтемам, которые он предлагал или студенты могли взять сами, у нескольких моих коллег вышло объяснить сложное просто, что есть хорошим бонусом для студента лучше вникнуть в разные отрасли.
- ему можно было задавать вопросы по тому, как работают или устроены те или инные сетевые протоколы,  он отвечал и прояснял, даже если вопрос был глуповат или человек запутался в сути дела.
- он мог так же рассказать какие-то интересные вещи, немного отходя от темы предмета, например каким образом роскомнадзор банил телеграм и почему у них все обломалось 🙂

2. практика

- практика и лекции поочти шли вровень друг другу, но все же расинхронность была, это кое-какой недочет.
- лабы были интересные, 3 лабы были в симуляторе packet tracer, там было все довольно наглядно и можно было легко разобраться и увидеть как по сети ходят пакеты, вторые три лабы уже были прикладного уровня, они были действительно сложноваты да и принимающий их преподаватель любит сложноту, но в чем-то по своему интересны, но зато теперь многие студенты могут удаленно по ssh настроить сервер или сервис, что программисту скорее всего да пригодится.

3. пожелания

- из второстепенных тем, можно было бы рассказать про то, что такое ddos и как с ним борятся или про другие хаккерские атаки, но это скорее всего больше относится к кибербезопасности.
- идея с прикладными лабами (настройка витой пары) интересная и как уже говорили, можно попробовать ввести настройку рутера (не думаю что возраст оборудования сильно играет роль, можно это делать и на старом железе).",2019-06-18 15:49:10+03:00,1
27,bad kpi,"эммм... камаз по парку ездит, чел с кузова дорожки посыпает песком",2019-12-03 08:57:36+02:00,-1
28,good kpi,"#ипса 1 курс
подколзин г.б., преподает линейную алгебру и мат анализ.
наверное, лучший преподаватель на ипса. очень крутые лекции, с которыми не нужны никакие другие источники. каждая практика очень сильная, подбор задач идеальный, как и объяснения к ним. и если ты делаешь все домашки, то получаешь отличную базу. 
но самое главное – это отношение к каждому студенту. да, хороший бал заслужить сложно, но он видит, кто как работает. мало того, что проверяет каждую строчку в работах, так ещё и проверяет, исправили ли студенты все ошибки после их раздачи. ну и конечно, отношение к студентам максимально уважительное.
в общем, видно, что он сопереживает с каждым во время обучения этого сложного предмета.",2019-06-22 14:04:55+03:00,1
29,bad kpi,"на лайве уже кидали инфу про то,  что на некоторых факультетах не выбирали предметы. на #псф тоже уже выдали такие листочки,  и в них точно так же предметы,  которые никто не выбирал.",2019-12-03 09:25:07+02:00,-1
30,good kpi,на поляне дед предлагает всем сыграть в шахматы) кто желает сыграть -- подходите),2019-06-24 10:02:06+03:00,1
31,bad kpi,"#иээ тоже никто не выбирал, просто дали листочки, чтобы подписали",2019-12-03 09:27:03+02:00,-1
32,good kpi,он там каждый день с 12 до 14,2019-06-24 10:05:57+03:00,1
33,bad kpi,на #ипса можно было выбрать один из трёх предметов,2019-12-03 09:31:11+02:00,-1
34,good kpi,"#иее 2 курс
брайко наталья игнатьева, к посту выше о том что это требовательный преподаватель - согласен. я проучился 2 года и все это время посещал спец. группу. хотел сказать о том что вместе со всей строгостью и дисциплиной у брайко наталии всегда присутствовало чувство юмора, каждое посещение ее пары было для меня маленьким праздником. поэтому если вы не можете решить к какому преподавателю ходить - выбирайте брайко, и весело и полезно)",2019-06-26 16:03:20+03:00,1
35,bad kpi,"#ртф даже не давали листики. сказали распечатать и подписать. 
с предметами на выбор та же ситуация, что и на остальных факультетах.",2019-12-03 09:31:57+02:00,-1
36,good kpi,вперед до змін!),2019-07-21 09:30:35+03:00,1
37,bad kpi,"#фсп 
на разных направлениях на потоке предметы на выбор одинаковые
зачем я тогда выбирал между двумя направлениями",2019-12-03 09:36:25+02:00,-1
38,good kpi,"#тэф #апепс
обзор на специальность компьютерные науки на кафедре апепс за 3 курса.
возможно абитуриенты найдут тут много полезного для себя. 
1курс 1 семестр
основная дисциплина вышмат, на который идёт по несколько пар по несколько раз в неделю, чуть ли не каждый день. в зависимости от преподавателя может быть лёгким или превратится в ад. ерёмина или владимиров очень требовательны, особенно последний, который отчисляет пачками. помимо вышмата у вас будут основы программирования и дискретная математика - ведёт - кублий , поначалу она не слишком нам нравилась, но спустя год мы поняли что это один из лучших преподавателей. да у нее часто бывают странные и неадекваты требования и многие на первом курсе не понимали ещё зачем нужно правильно оформлять код и писать комментарии ( а это действительно очень важно), и бомбили из за этого. 
компьютерная схемотехника - ведёт мирош, очень крутой мужик, так как предмет очень сложный, но он нас не трогал и зачастую разрешал не ходить, все без проблем закрыли. правда сейчас слышно что он вышел из запоя и стал требовательным, хз. 
1 курс 2 семестр
тут уже все похардовее - появляется предмет операционные системы во главе с левченко ( по факту это ассемблер tasm в эмуляторе dos, предмет очень сложный для сдачи нужно сдать все лабы, которые сдать очень сложно, но уже на допке попроще). 
так же у вас будет вести прогу шалденко - один из лучших преподавателей на мой взгляд, который действительно шарит свой предмет, круто объясняет, даёт интересные задачки и требует. 
также у вас скорее всего будут бд и вести их будет дацюк - замечательный препод, с которой можно даже за жизнь поговорить с чайком. она практически не требует, так что вы можете сдать предмет так ничего и не выучив, но я очень советую учить и ходить на лекции так как без бд никуда. 
вышмат естественно никуда не девается и стает все более хардовым - набирайтесь сил, терпеть придется ещё два семестра. 
2 курс ( по семестрам не помню уже )
на 3 семестре очень многие вылетали из вуза, так как помимо самого сложного вышмата за все время ( дифф уравнения, криволинейные интегралы и пр, по сравнению с которыми дельта околы всякие не кажутся уже такими страшными ) у вас ещё будет теория вероятности ( сидоренко ) и ооп ( карпенко).
теория вероятности на самом деле очень интересный предмет и сидора ведёт его на 10/10. это наверное один из немногих преподавателей лекции которого не хочется прогулять , так как они очень интересные и отпускают как правило раньше и ещё домашку дают редко. у сидоренко есть своя система оценивая, о которой она вам расскажет. советую отнестись максимально серьезно, так как ни на какие компромиссы, если вы не сдали не пойдет.  но для того что бы сдать предмет нужно всего лишь ходить на лекции и слушать что она говорит. из за того что многие не поняли этого - были отчислены. 
карпенко же требователен столько и невероятно скучен. на лекции он вам будет просто монотонно и неразборчиво читать с учебника, давать скучнейшие задачи и не принимать ваши лабы за что в последствии может и выгнать. ооп обязательно нужно усвоить самостоятельно, так как он вас не научит ничему. так же у вас будет ещё один семестр бд и скорее уже поставят другого преподавателя - сегеду. тоже очень веселая и не скучная, закрывает без особых проблем, хотя будет вас пугать по началу отчислением. 
также у вас будет предмет под названием компьютерная графика. не ведитесь! никакого photoshop, corel , 3dmax или всяких там спрайтов. вы будете чертить болты и гайки от руки. и преподаватели вам скажут что на самом деле у вас будет не комп графика, а инженерная. так как ненавижу черчение сдать мне было его очень сложно. но объясняют неплохо и действительно хотят научить, проблема только что программистам не нужно черчение.",2019-07-27 12:12:19+03:00,1
39,bad kpi,#фти такая же ситуация как и у ртф,2019-12-03 09:36:37+02:00,-1
40,good kpi,"на этом предмете вся ваша боль на 4 семестре закончится, так как будет куча других предметов которые невероятно легко закрыть - web ( весьма полезная штука так как познакомят с основами html, css, js но учите самостоятельно, так как преподша почти ничего не шарит), кузьминых ( не помни как предмет называется ), будет вести вам всякие алго",2019-07-27 12:12:19+03:00,1
41,bad kpi,"ребята, всё просто: если предметы в учебном плане стоят как выбранные, то это значит что не обязательно выбирали их вы, это могла сделать ваша кафедра 👌",2019-12-03 09:36:53+02:00,-1
42,good kpi,"ритмы, но паль сдать очень легко, а ещё если поговорить с ним про обаму, мировую экономику, еврейский заговор и пр. то он даже не будет смотреть что там. 
отдельно хочу отметить гуржия. кажется это единственный профессор который преподает у нас. соответственно и качество преподавание очень высокое. предмет сложный, но интересный и александр андреевич очень понятно и хорошо объясняет. плюс сам по себе очень приятный человек, с которым можно без проблем пошутить и поговорить про жизнь. также будет помогать вам с курсовой работой. 
3 курс 5 семестр
у вас основными предметами будут трансляторы ( спрятаны под названием л-сапр), невероятно сложный предмет, но стативка никого не выгонит и на комиссии точно закроет, даже если не сдал почти ничего, впрочем сдать намного проще чем сделать. если хоть немного выкупаешь то можешь сдать паль, но предмет этот будет и на 6 семестре с курсачем. вам предстоит сделать собственный транслятор. 
 а также самым сложным предметом будет компьютерные сети , где вы будете делать лабы cisco. преподавать будет скорее всего максименко, один из самых требовательных преподавателей, но объясняет он очень хорошо и к тому же регулярно проводит консультации. советую не пропускать его пары ибо узнаете что такое боль в конце семестра. при сдачи лаб не говорите много и не по теме, он такое не любит и скорее всего сразу пошлет вас. 
также у вас будет вести антонов к-сапр ( должен был быть типо автокад ) - совершенно неадекватен. в автокаде вы максимум поработаете 1 раз - включите программу. остальное время вы будете проходить всякие безумные тесты на личность, сексуальную совместимость, слушать презентации про формулы счастья, энергетических вампиров и его невероятные изобретения и инновации. возможно он даже попытается затянуть вас в один из своих инновационных проектов - лучше не соглашайтесь. предмет закрыть весьма просто, поэтому можно туда ходить как в цирк или на камеди клаб и отдыхать. 
в 6 семестре у вас опять будут трансляторы и компьютерные сети. также у вас должны быть нейронные сети и машинное обучение, но этого не будет, так как препод придет всего 1 раз за весь семестр - на экзамен. 
ещё у вас будет .net и c#, тому кто изначально пойдет по этому направлению будет интересно , так как крамар отлично объясняет предмет в лурковской манере , что ещё и очень забавно и весело. очень приятный человек и закрыть предмет очень просто, достаточно хоть что-то сдать. 
ещё у вас будет предмет со всякими scram, agile, unit-tests, git и пр. вроде полезными мелочами, однако преподавать его будут ужасно. преподаватель, несмотря на свой ещё молодой возраст ( лет 45 ), буквально спит на ходу, растягивает фразы , пару раз уснул на лекции, вечно опаздывает, и всем своим видом показывает насколько ему все равно. лабы он принимает по 20 минут каждую, при этом вечно опаздывает. соответственно в конце семестра будет куча людей у которых ничего не сдано. в зависимости от своего настроения он закроет на комиссии или же попытается выгнать вас ( спойлер выгнать у него так и не вышло, так как мы доставали декана и замкафедры.)

вообще если вам выгнали с комиссии советую не идти в общагу паковать вещи, а походить к декану , сидоренко, ковалю и др. и пытаться договорится. есть шанс что вас все таки оставят на бюджете.",2019-07-27 12:12:46+03:00,1
43,bad kpi,"#итс
в обраних предмети які обирали в кампусі та + англійська (який тут вибір?) та фв (ну секцію обрали, добре)",2019-12-03 09:37:08+02:00,-1
44,good kpi,"ребята знают толк в чиле 
#поляна",2019-08-13 18:08:33+03:00,1
45,bad kpi,"#ипи
тоже просто выдали листочки, просто подписать ничего не выбирая",2019-12-03 09:42:41+02:00,-1
46,good kpi,привезли ещё один зонт и стулья для поликлиники,2019-08-28 08:37:16+03:00,1
47,bad kpi,"#тэф

тоже никто не выбирал, просто сказали распечатать листочки своего варианта и подписать",2019-12-03 09:53:55+02:00,-1
48,good kpi,"эссе на тему «мои впечатления как первокурсницы»
так ну что вам сказать...
общага: я готовилась к худшему это точно. с потолка тараканы не падают и хорошо. все такие добрые отзывчивые всё расскажут покажут)) бывает конечно, что подкидышем назовут... но это такое. в принципе и не обидно, а мило даже.
пары: на моей изи специальности - изи пары. пока что встретилась с преподавательницей панченко и туляковой. 
панченко классная женщина норм пары только как сказала моя одногрупница «хотелось ускорение на 1.5 поставить». но опять же. чем это большой минус? лапочка!
тулякова.....ну вот интересная женщина даааа. мне кажется она такой типичный препод рисования в младшей школе и больше ничего не кажется. а вот тест на 68 вопросов убил мое чсв. так ты сидишь со всякими сертификатами от кембриджа, призовыми местами на олимпиадах, а тест во***нючий пишешь на -77684894/68 =)))) 
жизнь as kpi studen’: вообще в кпи такая движуха постоянно что офигеть. быть частью этого конечно очень интересно. по крайней мере сейчас интересно. пугает только перспектива стать постоянным гостем поляны........сори, имхо. а так бы не слиться и додержать этот п0зитивный и креативный настрой до конца года^^

#фсп, 20 общага",2019-09-03 07:51:27+03:00,1
49,bad kpi,"#хтф. сказали, що ці листочки з навчальним планом - захист від студентів, які йдуть в суд через те, що їх відрахували. тому це не для нас, шановні студенти, а щоб відраховувати без проблем",2019-12-03 09:54:29+02:00,-1
50,good kpi,"якщо чесно то перші враження дуже хороші, хоча є деякі незначні недоліки.

спочатку про хороше:

на пари поки не скаржусь, ніби все як має бути, хоча не очікував того що на лекції програмування не потрібно писати конспект, бо лекції на сайті викладаються. вчителі поки що ніби хороші(за виключенням сергієнка. він якийсь дивний). дуже сподобалось, що тут цілий комьюніті в телеграмі. купа міні фендомів, купа інформаційних каналів, купа різних заходів. реально відчувається ніби я частина чогось великого. хоча це не зовсім те як я змальовував собі будь-який університет в цілому. багато цікавих людей.

тепер про погане(тут не багато, і по дрібницям):

дуже не подобаються стільці та парти у різних аудиторіях. особливо в 301 та 302. там багато з них в дуже поганому стані, і так як я не зовсім легкий, то я просто напросто  боюсь на них сидіти щоб не зламати. не кажучи про дискомфорт який ці стільці завдають. самі парти дуже маленькі. дуже мало місця щоб писати. я сам звісно не бачив, але судячи з постів на інших каналах, то можна зробити висновок, що гуртожиток в жахливому стані. могло бути і гірше звісно, але це ж все-таки один з найкращих університетів країни.

незважаючи не дрібні недоліки, загалом склалося гарне враження про кпі.",2019-09-03 17:51:42+03:00,1
51,bad kpi,#фэл аналогичная ситуация,2019-12-03 09:54:56+02:00,-1
52,good kpi,турникеты в семерке опущены. свободный вход-выход. эффективно однако,2019-09-04 10:07:06+03:00,1
53,bad kpi,"#ипи
по поводу ""неожиданных предметов"". они появились, скорее всего, из-за того, что студентов не уведомили о том, что они должны зайти в кампус и потратить минуту на голосование. а даже если и уведомляли, то студентам было лень/они потеряли пароль или логин и т.д. 
но первопричина, мне кажется, в том, что студентов просто не уведомили о голосовании в кампусе.",2019-12-03 09:55:21+02:00,-1
54,good kpi,в 18 тоже опущены. первая неделя пока контрактникам не дали студаки,2019-09-04 10:13:26+03:00,1
55,bad kpi,"меня очень сильно заинтересовала одна стока в памятке студента на этом учебном плане, которая звучит как студент обязан придерживаться закона,... , и кодекса чести. просто помню когда-то говорили что сам кодекс чести немного незаконен, как это сейчас работает?",2019-12-03 10:32:34+02:00,-1
56,good kpi,попугай сорвал пару. бф 1к,2019-09-05 11:46:03+03:00,1
57,bad kpi,"пароли студентам от кампуса раздал лично. уведомил группу лично. проголосовал 1 человек. нужно было посадить каждого студента за компьютер возле себя и показать куда галочку поставить, убедившись что её поставили? так скажете что преподаватели оказывали давление и не давали права выбора...",2019-12-03 10:32:53+02:00,-1
58,good kpi,сделали переход возле поляны,2019-09-10 08:51:20+03:00,1
59,bad kpi,"#фти на первом курсе, в прошлом году точно, был выбор в кампусе.",2019-12-03 10:33:31+02:00,-1
60,good kpi,третью беседку (которая сгорела) оживляют,2019-09-10 11:30:25+03:00,1
61,bad kpi,"по поводу выбора предметов: моя группа все вместе проголосовали за один предмет. но не за тот, который в итоге получили. и многие об этом говорят. никто ведь не докажет, за что голосовали и тд) выбор предмета - иллюзия для мин образования, что б не было проблем.",2019-12-04 06:19:10+02:00,-1
62,good kpi,"хочу написати про найулюбленішого викладача за весь час в універі - баскову галину валентинівну. за той один семестр курсу інженерної графіки, що в нас був з'явилася прив' язаність до цієї прекрасної людини. і після його закінчення не покидало відчуття, що чогось на парах не вистачає. справжній майстер своєї справи, за до сорому скорочений курс інженерки навчила нашу группу стільки всього, що навіть під час виконання ргр в соліді на старших курсах ми згадуємо її настанови і ""коронні"" фрази 😂 дуже вдало і доброзичливо жартувала, завжди в гарному гуморі, не відмовлялася сидіти на консультаціях зі студентами до 7-8 годин вечора, коли бачила в останніх бажання до роботи. коли згадую минулі пари з нею, то на думку спадають тільки позитивні емоції і нестримне бажання знову окунутися в ту атмосферу креслення. кпі потробні такі викладачі як галина валентинівна. завдяки таким викладачам цей університет будуть любити, незважаючи на всі його недоліки.",2019-09-20 04:48:31+03:00,1
63,bad kpi,"дуже дивно, адже результати голосування приходять офіційно. просіть у кафедри показати цей документ.",2019-12-04 07:04:54+02:00,-1
64,good kpi,"#фп #бассейн
добрый день, вообще-то секция плавания, на мое мнение одно из самых лучших секций на кпи, с отличными условиями и замечательными тренерами. как раз сегодня хотел бы рассказать про одного из них, а именно про антонюка александр васильевича. один из тех тренеров, которые действительно классно учат. всегда указывает на твои ошибки, дает рекомендации, в общем по настоящему тебя тренерует, особенно если соблюдать дисциплину и пунктуальность.",2019-09-28 10:20:23+03:00,1
65,bad kpi,"#лфк #фп
женская раздевалка на лфк/спецмеде. невозможно дышать из-за запаха то ли гнили, то ли амиака, то ли ещё непонятно чего. так продолжается уже около двух недель, никто ничего не делает, хотя запах выражен явно и всё об этом знают. переодеваться невозможно, как и находиться там в принципе.",2019-12-04 13:16:23+02:00,-1
66,good kpi,#фэл основы программирования,2019-10-01 11:48:28+03:00,1
67,bad kpi,"немного о женской раздевалке лфк!!!!!!

запах есть.....но вы же студенты...или студентки...не проще ли ходить чаще в душ????????????????  смотрите за своей гигиеной. или и здесь родители нужны?????? может кто не понимает, для чего нужен душ??? подскажите своим однокурсникам-одногрупникам!!!!!!!

а то, что кого-то в раздевалке закрыли...извините, так бывает. не нужно только из этого катастрофу делать)

и само собой....преподаватели - заходите время от времени в раздевалки тоже. включая старшую по кафедре.",2019-12-05 15:18:16+02:00,-1
68,good kpi,"дергачев евгений викторович
цивільне право/ захист прав споживачів/ і т.д.
фсп/фмм
отлично знает свой материал и умеет интересно его подать. часто ведет дискуссии на лекциях и знает ответ на все вопросы студентов.  практики проходят не менее увлекательно, иногда в игровой форме.",2019-10-06 08:25:43+03:00,1
69,bad kpi,"позабавило количество знаков препинания. 
в отзыве же написали четко что запах не грязного тела или носков, а чего-то химического. 
да и после физ. подготовки все люди, извините, потные. просто обычно, души есть, с горячей водой, чистые, с кабинками и временем на их прием🙃",2019-12-05 19:14:43+02:00,-1
70,good kpi,"сытников алексей владимирович. инженерно-химический факультет. кафедра автоматизации химических производств. преподаёт числовые методы и программирование. очень круто преподаёт :3
к тому же занимается средневековым боем. очень много рассказал полезной информации для первашей. таким преподавателем кпи должен гордиться.",2019-10-06 08:53:07+03:00,1
71,bad kpi,#фивт мои выборные предметы в голосовалке на кампусе vs мои выборные предметы в учебном плане,2019-12-06 08:00:30+02:00,-1
72,good kpi,"лазаренко ирина сергеевна, #фмм

очень позитивный человек, хоть по ней постоянно видно, что она измотана. (уже не очень) молодой, хороший преподаватель кафедры математического моделирования.
читает лекции, практики. материал на лекциях всегда даётся максимально упрощённо и понятно. если по ходу лекции у кого-то возникают вопросы, всегда остановится и разжуёт всё. на практиках аналогично. примеры даёт как сложные, так и не очень. если кому-то будет не понятно задание, дальше не пойдём, пока все вопросы не отпадут.
справедливо оценивает знания, за исключением тех моментов, когда вместо 3 нужно ставить 2. нет никаких абсурдных штрафных баллов за посещения или неправильные ответы.
проводит консультации, если у кого-то остаются вопросы.
ирина сергеевна прекрасно ладит со студентами, в меру шутит на парах, не против шуток студентов. от студентов плохих отзывов о ней не бывает. с ней можно связаться и вне пар, по телефону, по почте, в мессенджере - никогда не проблема.

рад, что на кафедре есть такой преподаватель.",2019-10-06 08:53:28+03:00,1
73,bad kpi,"#фивт

як на мене, англ, системи штучного інтелекту і програмування мікроконтролерних систем набагато привабливіше звучить для програміста чим якесь релігієзнавство, психологія чи педагогіка.

я не оправдую деканат, але у вашому випадку, вибір деканатом предметів набагато кращий чим запропонований.",2019-12-06 08:40:23+02:00,-1
74,good kpi,"пбф, псон. 
можно было бы выделить кого-то одного из преподавателей, но довольно-таки сложно. ибо когда у тебя большую часть предметов начинают читать именно они, то (по крайней мере у меня так и случилось) пробуждается сильный интерес к специальности.
павловский алексей михайлович – электроника, микропроцессорная техника - показал и рассказал основы того как мы можем на практике применять те знания, что нам дали другие преподаватели. то, что мы изучаем частично из абстракции стало реальностью.
аврутов вадим викторович - основы теории чувствительных элементов, теоретическая механика - очень крутой преподаватель, что познакомил с основами основ изучаемых приборов, теперь эти знания мне пригождаются на практике.
буарау надежда ивановна, мураховский сергей анатольевич - теория автоматического управления - два неимоверно потрясных преподавателя, которые отлично знают свой предмет и так же отлично его преподают.
мироненко павел степанович - конструирование элементов приборов - замечательно знает свое дело и так же замечательно его преподает. хочешь узнать как тебе лучше оформить тот или иной механизм прибора - обращайся к нему.
цибульник сергей алексеевич - методы обработки информации - преподаватель который действительно научил (насколько это дошло в наши головы) нас думать, анализировать и доказывать свои результаты работы.
лакоза сергей леонидович - cad системы, основы теории вычислительной техники - очень крутой преподаватель, знает очень хорошо и очень углубленно свои направления работы, умеет их донести.
сапегин александр николаевич - основы теории чувствительных элементов, мемс приборы и системы - хорошо знает свой предмет, отлично может донести его до студента. 
к каждому преподавателю можно подойти с интересующим тебя вопросом в направлении работы преподавателя и получить хорошую консультацию.",2019-10-06 09:19:51+03:00,1
75,bad kpi,"#вяо
до поста вище. вибір в кампусі був по дисциплінам загального профілю. через велику кількість студентів, які потенційно можуть пройти опитування, поводять атоматизовано. ті, що в тебе вписані в план є професійного спрямування. їх вибір реалізується на кафедрі. тому раджу сходити на кафедру і переговорити про реальну методику вибору. зазвичай поводять паперове анкетування, але частіше вибору як такого немає.
тому питання до твоєї кафедри.",2019-12-06 09:11:00+02:00,-1
76,good kpi,"поводзинський вадим миколайович

фбт (процеси і апарати біотехнологічних виробництв)

досконало розуміється в усіх нюансах проектування та забезпечення хімічних/біотехнологічних виробництв, завжди володіє найновішою інформацією, оригінально вкладає матеріал в голови студентів на довгі роки.",2019-10-06 09:33:39+03:00,1
77,bad kpi,"независимо от качества и актуальности предметов, когда деканат ""выбирает"" твои выборные предметы за тебя, да еще и настолько палится - это масимально не норма. мы, кстати, получили пароли от кампуса только в этом семестре, а узнали о том, что у нас вообще есть выборные предметы - в прошлом году. #фивт, 4 курс",2019-12-06 09:12:20+02:00,-1
78,good kpi,"@kpilive попов константин леонидович фсп преподаёт криминальное право
адвокат и просто очень хороший препод
не позволяет себе предвзятости и разбирает любые вещи до мелочей, что помогает понять как работает та или иная норма
один из преподов на моем факультете, которого ты не боишься а уважаешь ввиду его супер компетентности",2019-10-06 09:47:03+03:00,1
79,bad kpi,"#вяо 
так, коли роблять вибір замість тебе - це порушення існуючих норм. плюс злегка повний бред.
але чи реально на фіот і не тільки, направлено  роблять вибір замість студентів. потрібно розглядати проблему комплексно і врахувати, що минулої весни, за предмети на цей рік, проголосувало в середньому 15% по кпі.
стосовно ситуації на фіот, є можливість сьогодні на зустрічі дізнатись відповідь",2019-12-06 09:29:30+02:00,-1
80,good kpi,"прямицин вячеслав юрьевич фсп преподаёт теорию государства и права 
лучшая находка для первокусов, может объяснить сложные вещи простыми словами, один из самых современных преподов на факультете, плюс с помощью интересных заданий на практиках и факультативам даёт возможность развиваться вместо тупой зубрежки",2019-10-06 10:17:41+03:00,1
81,bad kpi,зачем тогда я в кампусе голосовала за эти социально-гуманитарные предметы если ни один из них мне не поставили? в чем заключается идиология выбора: мы голосуем но нам ничего из этого не ставят?,2019-12-06 10:20:02+02:00,-1
82,good kpi,"#фбмі #фбми випускник бакалавр , 122 спеціальність ""комп'ютерні науки"" кафедра бмк :

загальний досвід навчання на 6/10. багато чого не дуже добре, але є кілька реально крутих викладачів, які витягують цей рейтинг. про них хочу згадати нижче, бо вони дійсно роблять свою роботу як треба:

1) попов антон олександрович, фел
викладав ""теорія біомедичних сигналів""
якість викладання 5/5
заохочує до вивчення, має почуття гумору, відвідує міжнародні конференції за науковим напрямком, розповідає про реальні випадки застосування, збирає фідбек після курсу — справжній вчений та педагог, що надихає займатися наукою далі.

2) шумська алла антонівна, фті
викладала ""основи дискретної математики""
якість викладання 5/5
настільки круто пояснює, що у мене виникало бажання одразу після пари повністю розібрати конспект та перечитати всю теорію за підручником, щоб на всі 100% зрозуміти матеріал. має хороше почуття гумору та прекрасне розуміння матеріалу, що викладає. не терпить списувань (дуже важливо як для європейського університету, яким ми намагаємось бути).

3) настенко євген арнольдович, фбмі, завідувач кафедри біомедичної кібернетики
викладав ""інтелектуальний аналіз даних""
якість викладання 5/5
розповідає по суті, згадує реальні приклади застосування, має хороше почуття гумору. продвигає наукові проекти на кафедрі та співпрацю з вченими з медичних областей, дає поради про написання наукових статтей та розповідає зацікавленим студентам про можливості академічної мобільності. завдяки ньому, на кафедрі зберігається життя.

4) файнзільберг леонід соломонович, фбмі
викладав ""теорію прийняття рішень"", ""основи штучного інтелекту""
якість викладання 5/5
ідеально розбирає весь матеріал, що читає на парах: починає з простого, пояснюючи кожний момент та поетапно ускладнює, при цьому активно заохочує студентів ставити питання, чому та як щось працює. пропонує наукову роботу, добре знає реальні випадки застосування своїх дисциплін. також має прекрасне почуття гумору та оцінює справжнє розуміння студентом матеріалу. розробив власний проект з електрокардіографії ""фазаграф"".

5) кисляк сергій володимирович, фбмі
викладав ""біоінформатику"", ""основи молекулярної біології""
якість викладання 4/5
адаптував міжнародні курси передових університетів зі своєї дисципліни для наших студентів. активно розповідає про актуальні області науки, приклади задач та подальшого вивчення. дуже підтримує та надихає продовжувати навчання. хороша людина.

з мінусів — трохи хворобливо сприймає гумор студентів протягом занять, місцями трохи розмиті вимоги до вивчення.

6) сердаковський віталій сергійович
викладав ""системи баз даних"", ""кросплатформенне програмування""
якість викладання 4/5
дуже хороший курс (і лекції, і практики) по бд з прикладами з реального життя. має хороше почуття гумору. після цього курсу реально виникає базове розуміння суті реляційних баз даних. 
на жаль, курс кросплатформенного програмування не такий якісний та має слабкий звязок з практиками, тому й загалом рейтинг 4/5.

7) також окрема подякам всім молодим спеціалістам кафедри, які добре виконують свою роботу, дають студентам поради в навчанні та об'єктивно оцінюють їх роботу. а саме:
— носовець олена костянтинівна (інтелектуальний аналіз даних, обробка та аналіз біомедичних даних)
— якимчук вікторія сергіївна (теорія прийняття рішень, основи штучного інтелекту)
— гаупт олександр федорович (операційні системи)

я дуже радий, що такі люди є і пригадую їх, коли згадую про своє навчання в кпі",2019-10-06 10:18:04+03:00,1
83,bad kpi,"добрый день! что касается выбора дисциплин в кампусе: голосуют все студенты, а дисциплины выбираются те, за которые проголосовало большинство. не выбирает не кафедра, не деканат",2019-12-06 11:04:32+02:00,-1
84,good kpi,"дзыра богдан иванович
фмф
аналитическая геометрия 
хочу рассказать о преподавателе, которого любит весь физмат.
в начале, практически, никто его не понимает,  но потом привыкаешь и этот предмет становиться для тебя простым, потому что он, действительно, очень хорошо объясняет.
очень добрый человек, если что-то не понимаешь,  он будет объяснять пока ты не поймёшь.
огромный стаж даёт о себе знать. он идеально знает  свой предмет, и умеет рассказать его студентам.
сейчас я на 2 курсе и  аналитическая геометрия у нас закончилась, но я часто встречаю этого замечательного человека под семеркой и мы очень хорошо общаемся. он интересуется как у нас дела, нужна ли какая-то помощь. 

можно еще долго рассказывать об этом прекрасном человеке,  но и дня не хватит, чтобы перечислить все его плюсы",2019-10-06 10:18:27+03:00,1
85,bad kpi,"если дисциплины выбираются общим голосованием, тогда почему каждому нужно принести лично бумажку с подписью? что за бред?",2019-12-06 13:55:13+02:00,-1
86,good kpi,"хотелось бы анонимно.

#фивт #системноепрограммирование

лисовиченко олег иванович
хотелось бы сегодня рассказать об одном из лучших, имхо, преподавателей и замдеканов фивта☺️🤖

ведёт сложный предмет, ассемблер. очень хорошо объясняет, с юмором, разбирает все, даже самые мелкие, нюансы. на лабораторных требует знания, а не просто рабочий код.

как замдекан - всегда стоит на стороне студентов, хотя иногда может и «вправить мозги», если ты сильно натворил делов, но все равно по-доброму.

в общем, считаю, что этот человек заслуживает упоминания в сегодняшний день",2019-10-06 12:38:10+03:00,1
87,bad kpi,"тому що є положення про те, що кожен студент має мати документ про його навчальний план.
це не означає, що план має бути ""унікальним"", просто кпі не хоче втрачати аккредитацію (= фінансування).",2019-12-06 14:11:18+02:00,-1
88,good kpi,"3 курс іат вл-71 хижняк евгений
очень хотелось бы поблагодарить нескольких преподователей за их профессиональный подход, знание своего материала и жизненную энергию, так подталкивающую нас развиваться!
а именно, ильчишину дину ивановну за то, что из-за всех сил старалась объяснить сложные теоремы на простых вещах, коновалову наталью романовну за то, что показала красоту математики и научила держать удар на экзаменах, силакову тамару тимофеевну, которая боролась за то, чтобы мы развивали свое воображение для представления физических процессов и железную леди іат - сарибогу анну владимировну, за ее труд в развитии и поддержки студенческих инициатив и готовность 24/7 идти на контакт со студентами!",2019-10-06 22:26:22+03:00,1
89,bad kpi,"вот чисто интересно, в одессе случилась такая катастрофа в уч заведении, на лайве начали обсуждать ""а что если такое произойдет в одном из корпусов кпи?"", а кто-то вообще думал про общаги?) 

проводка в общагах просто ужасная, мало того, что стены рыхлые и розетки отваливаются, так еще и возраст её боюсь представить какой. в корпусах мы находимся днем, окей, а в общагах люди живут и сидят целые сутки, не дай бог что-то ночью загорится, от одной искорки моментально всё вспыхнет, в том числе и стены, которые по их текстуре, как будто из соломы сделаны...",2019-12-06 16:34:00+02:00,-1
90,good kpi,"хочу сказать, что в 15 с этого начала учебного года поменялась коменда.
это небо и земля.
берет взятки?
ответ : не так как оксана владимировна. я предлагала деньги, она не взяла и сказала принести или купить вещи (например краску, кран для душа или умывальника, материалы для кроватей, лампочки, люстры - в общем все что как-то связано с общагой тип для обагащения. я принесла и через некоторое время эта раковина стоит уже у нас в ванной так как прошлая была побитой).
2. она не бегает по комнатам и балкона и не смотрит кто курит и какой у кого дуйчик ( в отличии от рыжей - эта берет ключ и приходит в комнату пока никого нету, забирает весь, непонятно чей мусор с блока или балкона и подставляет под двери).
3. у нас нету больше постоянных проблем с горячей водой, и если её нету, мы точно знаем когда приблизительно появиться (вешают листик возле лифта с датами).
4. нету больше проблем с постоянным отключением света, електрик все заменил (надеюсь на долго).
5. появились списки комнат с аварийными окнами (побитые, раздолбаные и тд). стараюсться заменить по мере возможности. нету такого что ""покупайте сами, у нас кроме ваших окон и столов проблем хватает"".
вобщем наводит порядки.
пока всем довольны, надеюсь не предвременно)))",2019-10-08 13:25:15+03:00,1
91,bad kpi,"ребят, не купуйте нічого в чебурекер біля поляни. сьогодні взяв там шавуху - лечу в лікарню...",2019-12-06 18:31:06+02:00,-1
92,good kpi,гаряча вода 8 гуртожиток,2019-10-08 14:23:20+03:00,1
93,bad kpi,"10 общага. неизвестный мужик зашел в общагу через вахту, вышел тоже через неё. видели как заглядывал в блоки, но не особо на это обратили внимание, т.к. строители сейчас работают. по итогу пропал телефон и кошелёк  у одного из жителей.",2019-12-08 12:39:41+02:00,-1
94,good kpi,12 общага горячая вода on,2019-10-08 14:37:41+03:00,1
95,bad kpi,"пару лет назад у 16 общажки загорелась мусорка. баки стоят прям под окнами, да так близко, что задымило весь стояк. 
время - около 2 часов ночи, пожарные вызваны, а горит все сильнее и сильнее. на каждом этаже есть гидрант, к которому можно подключиться, нужен только рукав, чтобы дотянуть его до балкона и оттуда полить мусорку. пошли с этим вопросом к вахтерше. ""да, - говорит,- был где-то, только как же я вам его дам, нужно ж у коменды спросить, а сейчас ночь"". запах уже начинает доходить и до вахты, что, видимо, заставило её таки поднять зад и минут через 10 найти шланг. ""только это, мне документы нужны, без них не могу вам шланг дать, вдруг украдете"".
взяли шланг, подключили к гидранту, протянули на балкон, открыли воду, она полилась, но не на мусорные баки, а на пол, ибо весь шланг в дырках и трещинах. еще минут двадцать мы таскали воду в тазиках и выливали ее с балкона(безрезультатно), пока пожарная машина таки не приехала и не потушила.",2019-12-08 20:45:43+02:00,-1
96,good kpi,сделайте в кпи хоть так))0),2019-10-13 17:30:22+03:00,1
97,bad kpi,уже и такси ездит по политехнической 👎,2019-12-09 08:25:45+02:00,-1
98,good kpi,"в 28 корпусе нашего любимого кпи спустя длительный период времени наконец-то открыли буфе и он шикарен! приятные женщины за прилавком , цветы на столах и конечно невероятный аромат вкусной еды и кофе 😍",2019-10-15 09:54:45+03:00,1
99,bad kpi,"там был тред по поводу чебурекера.
беру там еду уже год – всё ок. один из самых чистых и аккуратных ларьков на поляне (и готовят вкусно).",2019-12-10 08:40:58+02:00,-1
100,good kpi,"#фмм #солнцев

заведующий кафедры маркетинга солнцев сергей алексеевич - самый лучший препод! его хочется слушать и слушать, на какую бы тему он ни говорил. 
настоящий спец в маркетинговых исследованиях, обладает как теоретическими, так и практическими знаниями, преподаёт материал очень интересно и просто. куча примеров из жизни, масса кейсов, как современных, так и давних, которые реально хочется запомнить.
даже самые сложные формулы и термины в его изложении - просто песня! юмор и анекдоты в тему - на высшем уровне, а сам он отвечает своей фамилии, ведь как человек - просто солнышко! ☀️ 

(просто очень люблю его пары, и в универ хожу только ради них)",2019-10-16 19:53:14+03:00,1
101,bad kpi,"19 общага, воды никакой нету",2019-12-10 08:41:10+02:00,-1
102,good kpi,"#фбми
преподаватель моклярчук о.м. составил нам вот такую модульную контрольную работу. чтобы на паре не скучали",2019-10-18 12:46:58+03:00,1
103,bad kpi,воды в 20 общежитии нет.,2019-12-10 15:17:47+02:00,-1
104,good kpi,"в 1 общагу пришла новая заведущая и коменда, за три месяца почти сделали ремонт в туалетах, сегодня зашёл на кухню и ахуел, новые плиты",2019-10-23 18:39:29+03:00,1
105,bad kpi,в 16 общежитии тоже нету воды.,2019-12-10 15:19:35+02:00,-1
106,good kpi,"20 общага. треснул кран. сантехника даже не вызывали. уже искали покупать. сегодня после пар пришли, и увидели, что нам просто взяли и поставили новый. возможно конечно так и должно быть, но по сравнению с общей картиной это очень неожиданно приятно.",2019-10-23 18:46:21+03:00,1
107,bad kpi,21 общежитие нет никакой воды. может есть какая-то информация у кого-то?,2019-12-10 16:06:41+02:00,-1
108,good kpi,"18 общага, поставили автомат для набора воды 💙",2019-10-23 19:22:54+03:00,1
109,bad kpi,"на линии водоканала авария. 

вода в 16, 17, 18, 19, 20, 21, 22 общежитиях появится до конца сегодняшнего дня",2019-12-10 17:03:48+02:00,-1
110,good kpi,"#фивт, 3 курс
один из самых прекрасных преподавателей, которые нам попадались за время обучения - это ульяницька к.о. всегда иниересно проводит лекции, дает полезные лабораторные, отвечает на вопросы и идет на встречу студентам. благодаря ей ты учишь предмет базы данных, а не думаешь, как бы побыстрее сдать и забыть❤️",2019-10-23 20:35:42+03:00,1
111,bad kpi,"есть хоть какая-то инфа почему последнее время интернет тупит настолько, что просто пропадает.? вкладки грузятся временами как от самого паршивого моб.интернета. про то чтобы поиграть во что-нибудь после учёбы вообще можно только мечтать(2к пинга везде). крутил на вертеле жирный вонючий рот этих мр@зей на кпи телеком( сори за капс)",2019-12-11 17:27:29+02:00,-1
112,good kpi,"#фивт, 3 курс,

подписываюсь под каждым словом про ульяницкую. одна из очень немногих преподавателей, которая на 100% лояльная, отзывчивая и, главное, к которой не страшно обратиться за помощью.",2019-10-23 20:51:36+03:00,1
113,bad kpi,в 13 нету света))),2019-12-12 08:06:10+02:00,-1
114,good kpi,"3 курс, #фивт також приєднуюся до відгуків зверху. ульяницька ксенія олександрівна одни з викладачів, що робить начання в кпі дійсно цікавим і корисним. коли хочеться дізнаватися більше і отримуєш кайф від виконання лабораторних. :)",2019-10-23 21:14:25+03:00,1
115,bad kpi,"как же ахуенно выглядит крыша в этом цвете, очень жаль что ее накроют унылым серым шифером, и погрузят в и не без того угнетающе серый вид нашго города((",2019-12-13 06:28:21+02:00,-1
116,good kpi,"2 курс, #фбми
попов а.о.
свои лекции он начал с фразы ""я отмечать не буду, всё равно лекции есть на записи, не хотите - не ходите, это ни на что не влияет""
очень легко идёт на контакт, сам создал группу в телеге для связи со студентами, где делится важной информацией и отвечает на тонны вопросов на разные темы.
сам по себе весёлый человек, в его заданиях можно найти ""эпидемию зомби"" и подобные приятные моменты.
материал преподаёт четко, но интересно, без сухого читания с листочка. 
препод 10/10",2019-10-23 21:33:43+03:00,1
117,bad kpi,"ребята с деканата репостнули на свой канал опрос о преподавателях. через пару часов его удалил кто-то из админки, и закинули бесполезный пост с пресслужбы, за которыми не видно реально важных постов типу дат консультаций и прочего.",2019-12-13 10:49:33+02:00,-1
118,good kpi,"#фмм 2 курс. черненко оксана володимирівна один з найкращих викладачів. дуже просто пояснює складний предмет (теорія ймовірності і математична статистика), також розповідає доволі цікаво, практики проходять непомітно. завжди допомагає, якщо щось не зрозуміло, намагається донести максимальну кількість матеріалу до студентів!",2019-10-24 05:58:07+03:00,1
119,bad kpi,"все эти формулы ректора про успех страны ломаются через колено семейных подрядов, о которых он знал.",2019-12-13 19:51:43+02:00,-1
120,good kpi,"#фбми 2 курс
в дополнении к попову. очень крутой препод, который к студентам относится с уважением «дорогі студенти, пропоную продовжити пару», «сусідня аудиторія пуста і там  тихо, можете перейти туди і спокійно дописати курсову, щоб я не заважав новою темою». и мемчики кинет в чат, и отвечает на сообщение каждого студента. преподаватель, которым стоит восхищаться. а ещё и носит крутые футболки с айти штучками весёлыми 😅😅 сегодня он нам написал, что преподаёт нам только один семестр, мы взрустнули в общем.",2019-10-24 06:04:06+03:00,1
121,bad kpi,опять в 20 общежитии нету воды !!!,2019-12-14 09:05:58+02:00,-1
122,good kpi,"#иат
сарибога анна володимирівна 

хочу подякувати цій прекрасній людині за всю її роботу та за титанічні зусилля, які вона вложує в роботу інститут та за цікаві пари/кури, які вона веде, за рух на факультеті, вона одна із тих небагатьох людей, хто дійсно робить «двіж». окремо хочу подякувати за space apps dnipro, саме вона була ініціатором і перемога, яку ми здобули напряму залежить від неї, дуже сумніваюсь, що без неї у нас вийшло б. ще раз дякую ав.",2019-10-26 06:57:12+03:00,1
123,bad kpi,16 общежитие нету воды,2019-12-14 09:11:59+02:00,-1
124,good kpi,"про викладача козак в. і.
#тэф. кафедра диференціальних рівнянь. 
я дякую їй абсолютно за все. вона пройшла з нами вогонь, воду і мідні труби. але ця людина заслуговує на набагато більше ніж просто подяка. один з найкращих, на мою думку, викладачів вищої математики. сталеві нерви та витримка, гарний і доступний кожному виклад матеріалу, завжди відповідає на повідомлення студентів і просто дуже добра людина. легка в спілкуванні та викладанні, майстер свого діла. з цією людиною приємно поспілкуватися навіть просто так. з розумінням відноситься багато до чого або до кого. тому як викладачу і людині ставлю просто 12/10. я рахую що саме таких викладачів не вистачає нашому кпі.",2019-10-26 07:13:43+03:00,1
125,bad kpi,- вода в 19 общаге,2019-12-14 09:49:37+02:00,-1
126,good kpi,"#ихф
19-й корпус, на 5-м этаже голая девушка фоткается с парнем",2019-10-28 13:59:20+02:00,1
127,bad kpi,"мінус вода, 21 гурт",2019-12-14 11:07:37+02:00,-1
128,good kpi,на 13 общаге походу перекрывают крышу,2019-11-03 10:03:18+02:00,1
129,bad kpi,"если коменда влетела именно в нашу комнату, будто специально так как в другие она не заходила и мы вообще в то время спали  и нагнала за срач ( там пиздеца не было ) и теперь сказала что будет акт и мол комиссия это реально ? хелп",2019-12-14 11:52:42+02:00,-1
130,good kpi,"#хорошийкпи #псф прикольно ходить на такие пары, когда преподаватель приносит комп с мониторами и начинает показывать на своем примере как делать гкп на движущемся основании",2019-11-05 07:21:26+02:00,1
131,bad kpi,кпі-телеком ріп?,2019-12-14 13:36:46+02:00,-1
132,good kpi,а чего никто не пишет о хорошем?  отопление так-то включили в 1 корпусе,2019-11-11 08:54:57+02:00,1
133,bad kpi,"в 8-ке все ок
p.s. спрашивай в чате общаги",2019-12-14 15:16:36+02:00,-1
134,good kpi,в 21-ом корпусе тоже тепло,2019-11-11 08:56:15+02:00,1
135,bad kpi,"10 общежитие, пожарный выход
безопасность на уровне",2019-12-16 05:09:58+02:00,-1
136,good kpi,"потому что это должно быть нормой, а не приятным сюрпризом",2019-11-11 09:12:20+02:00,1
137,bad kpi,"#ртф, 17 корпус 
пока дойдешь до 4-го этажа, где все пары, нанюхашся запаха краски, растворителя,  что уже ни на каких парах сидеть невозможно 
почему нельзя было сделать все эти аля ""покращення"" летом, когда студентов нету?",2019-12-16 06:48:00+02:00,-1
138,good kpi,в семёрке теплота 😍😍😍,2019-11-11 09:14:53+02:00,1
139,bad kpi,"потому, что конец года на носу и нужно куда-то слить как можно больше бабок.",2019-12-16 07:04:57+02:00,-1
140,good kpi,"ну что, ждали?!) да, в корпусах действительно стало теплее, ибо, во-первых, включили отопление, во-вторых, на улице 11 градусов тепла. но все же, 17 градусов - это приятно",2019-11-11 10:18:20+02:00,1
141,bad kpi,"10 общежитие 

мне кажется с приходом новой заведующей оновился и состав уборщиц. 
теперь я регулярно просыпаюсь в 8 утра от громкого грохота в стену, и просыпаюсь я в страхе (особенно мне нравилось болеть под такие утренние звуки).
потом она врывается в наш блок и сливает грязь в наш унитаз, который за уборщицой убираю я. это все конечно тоже с грохотом (дверей, крышки унитаза).
раньше, когда заведующая (новая 🤬) еще не решила забрать у нас душ просто так (уже больше месяца мы живем без душа, вопрос - почему?  когда и вообще ли собираются его вернуть?)  уборщица сливала все дерьмо в душ, который потом забивался.
раньше просто такого не было.",2019-12-16 07:30:05+02:00,-1
142,good kpi,"24 корпус, #фбми. 
отопление включили, только очень слабое. сегодня на протяжении 1 пары смогла подсушить носки, жаль кроссовки не вышло)) 104 аудитория",2019-11-11 14:19:38+02:00,1
143,bad kpi,минус горячая вода в 4 общаге,2019-12-16 13:40:30+02:00,-1
144,good kpi,"сьогодні побував у гуртожитку № 10, де живуть наші впі-шники. разом з комендантом гуртожитка і студентами іванною мельник, михайлом захаровим, андрієм ткачиком оглянули ремонтні роботи, які ведуться з літа. наразі у гуртожитку повністю змінюють стояки водопостачання, облаштовують санвузли новою технікою, встановлюють нові двері до блоків. чорнові роботи на завершальному етапі. тому ремонт планують закінчити вже до середини грудня. сподіваємося на подарунок до миколая )))",2019-11-12 18:13:24+02:00,1
145,bad kpi,минус горячая вода 7 общежитие,2019-12-16 14:07:25+02:00,-1
146,good kpi,"#ифф, пятый курс 
ну да, два законченых блока с августа, при количестве раздолбанных больше чем в половину, не говоря уже об отсутствии минимально какой-то воды и возможности пойти в туалет",2019-11-12 19:15:36+02:00,1
147,bad kpi,минус горячая вода 10 общежитие,2019-12-16 14:20:54+02:00,-1
148,good kpi,"ага, спасибо, что закончат к новому году, если повезёт. при поселении в конце августа обещали, что готово будет за три недели.",2019-11-12 19:20:58+02:00,1
149,bad kpi,в копейке горячей нету,2019-12-16 14:24:42+02:00,-1
150,good kpi,"#фсп 
а мне хочется сказать спасибо большое за свои труды таким преподователям как шерстюк г. м., лук'янчиков е.д., фурашев в. м. и шевченко а. м. 
преподаватели, которые знают свои предметы и любит их. они реально пытаются донести максимум информации в головы студентов
имхо",2019-11-23 20:58:03+02:00,1
151,bad kpi,"чуваки, ни в коем случае никого не оправдываю, и то что горячая или какая либо вода пропадает несколько раз в день это не нормально
но
ебучие посты в одну строчку про то что нету воды в какой то из общаг это не то, ради чего я захожу на этот канал, все и так знают что в корпусе нет туалетки и холодно, а я тут хочу прочитать про неадекватов которые дерьмо ёршиком по параше размазывают или посмотреть на забитые раковины, а не это вот все. для подобного я бы предложил постить эту инфу комплексно раз в день. фо рил, реально интересная инфа теряется среди таких постов",2019-12-16 14:46:26+02:00,-1
152,good kpi,"хотел бы выразить свою благодарность и восхищение администрации библиотеки, организаторам и всем причастным к проведению биеннале. 

я пару раз в неделю бываю в библиотеке. 
мне нравится смотреть на повседневные локации и обстоятельства как на сущности искусства. мне нравится размышлять о социальных аспектах искусства, об обществе. поэтому мне было приятно увидеть арт объекты в стенах любимой библиотеки.
мне очень приятно, что в кпи есть люди, которые пытаются говорить об искусстве; что администрация библиотеки поддерживает такие яркие временные инициативы; что задумка воплощается на достойном уровне.
приятно было посетить стенды в свободное время. спасибо.",2019-11-23 21:30:46+02:00,1
153,bad kpi,"в ответ чуваку который гвоорит что посты в одну стройчку это не нормально. этот канал создан не для треша, этот канал создан ради того что б показать актуальные проблемы в кпи и отсутствие гарячей воды это самая что ни есть проблема. и казалось бы что это херня зачем такое писать, но когда подобные однострочки появляються почти каждый день, у людей формируется более точно ощущение того что происходи и о том что что то таки не так, и нужно что то менять. а любители треша могут идти смотреть стримы гобзавра, тупо сплеш и читать mesh....",2019-12-16 15:03:41+02:00,-1
154,good kpi,"#ипи
в 8 корпусе необычайно тепло, на парах в свитере жарко ☺️",2019-11-23 21:52:04+02:00,1
155,bad kpi,"кто там хотел интересных историй? около парка только что какой-то дед чуть не ебнул метлой, кидается на людей, be careful",2019-12-16 15:24:23+02:00,-1
156,good kpi,"#фсп 
на волне постов про фсп хочу написать и свое мнение о некоторых преподах. начать нужно с того, что на факультете, конечно, есть проблемы, не все преподаватели дают нужный уровень знаний, но у нас, все таки, больше хороших преподов. хотелось бы отметить прямицына вячеслава юрьевича и чепульченко татьяну алексеевну, которые преподают теорию государства и права на 1 курсе. чепульченко дает на лекциях весь необходимый материал, в конспекте у вас будет абсолютно все, что нужно знать по предмету. прямицын на семинарах опрашивает по конспекту каждого студента, кроме того дает на дз проходить курсы на prometheus и вум, задания, где нужна командная работа, где нужно думать и доказывать свою позицию. знания, полученные по этому предмету, остаются в головах до конца всего обучения, как минимум. 
также тараненко николай григорьевич и тараненко николай николаевич отличные преподы, которых интересно слушать. лекции по истории государства и права на 1 курсе не хотелось пропускать даже в понедельник на первой паре, а про коня беляша помню все еще)). николай николаевич, который преподает публичное международное право на 2 курсе, ведет лекции как стендапы, из-за чего учиться просто и информация легко запоминается). 
хочу сказать про попова леонида константиновича, что он очень хорошо знает свой предмет. на уголовном праве каждого сто процентов заставят думать и анализировать. на втором курсе гражданское право преподавала бежевец алла михайловна, специалистка с огромным опытом, всегда приводит много примеров, из-за чего материал легко понимать.
на третьем курсе появляется предмет гражданское процессуальное право, его преподает солончук ирина викторовна. ее предмет будет знать каждый). солончук дает всю инфу на лекциях, домой задает найти дополнительную информацию, на семинарах тоже опрашивает каждого. 
также хотелось бы отметить таких классных преподавателей как павленко, шерстюк, фурашев, лукьянчиков и пихоровича.",2019-11-24 16:01:14+02:00,1
157,bad kpi,"#итс 
психология, сулима к. в.

нам поменяли лектора по среди семестра, поставили сулиму к. в.

рсо не соответствовало действительности, у нас было 5 практических, вместо 9 по рсо

на предпоследней лекции задала тетрадь с тестами на 60+ страниц и словарь на 86 терминов.

на зачёте рандомно ставила баллы, на тетрадь и словарь не смотрела..",2019-12-17 08:25:20+02:00,-1
158,good kpi,"#фсп #1курс 
на волне хейта фсп хочется  отметить, что не смотря на явные недостатки, факультет имеет ряд плюсов. мне, как первокурснице, очень нравится система преподавания владыкина александра  ( конституционное и римское право). семинары всегда достаточно сложные, но очень результативные. помимо стандартной проверки конспекта, мы решаем много задач по данному предмету. идёт постоянное повторение материала. лекции тоже не скучные. не тупое начитывание книги, как у чепульченко, а интересный рассказ с примерами. (иногда забываю писать,  сижу слушаю) один из любимейших преподавателей за всё время обучения.
касательно чепульченко-не все так прекрасно. из 100%конспекта нужного только 50%. много воды. очень много. поэтому и  легче писать, если уметь оттеснять ненужное. 
сидим потоком, примерно 100 человек, в маленькой аудитории. коленка к коленке. все потому что её величество не будет говорить громко. как то владыкин может внятно и громко разговаривать, а она нет. слышно только 1вым рядам из-за этого и столпотворение у входа.  
на семинаре с прямицыным рассказываем только самое  важное и нужное. за это ему спасибо. он тоже один из лучших преподавателей на данном факультете. не могу понять критику в его адрес. 
за пол года в кпи поняла, что единственные адекватные преподаватели это прямицын вячеслав и владыкин александр. историк неплохой, но шуточки иногда прям вымораживают. конкретно для меня- эти два преподавателя тянут весь факультет.( опять же. я первый курс и других преподавателей еще не знаю)  их надо в промо видео фсп снять. количество желающих сюда поступить будет на порядок больше.",2019-11-24 18:43:59+02:00,1
159,bad kpi,"#итс  2 курс 
к посту о сулиме к. в.
 преподаватель пришел на замену, так как  предыдущий уволился.
она с помощью доступного метода обучения преподнесла нам информацию которую с легкостью освоили студенты.
рсо смогли выполнить большинство студентов без особых усилий при этом получив заслуженый бал, и остались  довольны,  более 90% процентов из потока не согласны с одним человеком который выложил свое мнение как мнение остальных студентов.",2019-12-17 11:31:06+02:00,-1
160,good kpi,"хочу подякувати адміністрації університету за такий радикальний та довгоочікуваний крок, як очищення бібліотечного простору від цих так би мовити “картин”.
коли ти лише вступаєш в кпі, то ці картини  нагадують гоґвортс, та через декілька проведених вечорів в бібліотеці, ти розумієш, що це лише неякісний друк на пластику. і йому не місце в найкращому технічному університеті україни, тим паче що у нас є цілий видавничо-поліграфічний інститут, студентам якого демонструється досить низький рівень якості поліграфічної роботи. і хоча задумка галереї глобальна і стосується національної ідентичності в такий важливий для країни час, те в якому стані були ті “полотна” вже не може надихати нікого. 
бібліотека одразу набула зовсім іншого, - “чистого” змісту. знаходитись в ній - це естетичне задоволення. нічого не нависає над тобою і стало легше дихати + рівень світла подвоївся. я часто сидів в бібліотеці допізна, і якраз ввечері картини навіювали максимальний страх.

давайте будемо більше писати про позитивні кроки, які робить наш університет. дякую!",2019-11-26 13:36:03+02:00,1
161,bad kpi,"#фсп сулима к.в.
преподаватель пришел в конце семестра, не берет во внимание заработанные на протяжении семестра баллы, оценивает студентов с нарушением метод.плана.
субъективно оценивает ответы студентов, самостоятельно и безоснованно занижает баллы. утильтиматумом для получения 95+ есть сдача словаря, даже если на протяжении семестра заработан балл выше.
повышает голос на студентов, придумывает свои правила.",2019-12-17 12:26:55+02:00,-1
162,good kpi,"до цього посту: https://t.me/kpi_777/404

підтримую. мене тупо бомбило від того що чудову архітектурну пам'ятку модернізму завішали недоречними й низькоякісними картинами. можливо колись вони виглядали норм, але зараз повністю вицвіли. до того ж не розумію, навіщо в українській бібліотеці фотки людей з російськими та радянськими флагами, або яке відношення має якийсь священник до науково-технічного розвитку.

в бібліотеці зробили круті місця для роботи, проводять класні сучасні заходи, і мені здається тусклі унилі портрети у важких золотих рамах давно пора було відправити в архів",2019-11-26 14:03:15+02:00,1
163,bad kpi,"#фсп
2 курс
хоть сулима к.в. начала преподавать относительно недавно, но в то же время мы начали изучать нужный материал. отношение с ее стороны очень хорошее , особенно к тем , кто слушает ее , а не занимается иными делами на практике. оценивает тоже справедливо. не могу понять претензий на счёт сдачи словаря , поскольку слов там не так уж и много. и по сравнению с другими преподавателями - эта вообще не требовательна. 
препод который был до неё , не давал нужной информации 
мы изучали просто психологию , но не юридическую явно . сейчас же совсем наоборот. 
и баллы она берет во внимания , просто те , кто претендует на а должны по умолчанию сдавать словарь . зато те кто претендует на менее высокий балл, могут не сдавать его. 
такие требования были и раньше
видимо не все этим интересовались тогда.",2019-12-17 12:36:35+02:00,-1
164,good kpi,"хочеться також дати відгук про бібліотеку. за 5 років у кпі бібліотека пройшла шлях від великої совкової бібліотеки до сучасного креативного простору. ті зміни, які зробила адміністрація бібліотеки (а не просто пообіцяла) або підтримала ініціативи інших, можна побачити в ""раніше"" та ""зараз"".

раніше: просто бібліотека при внз. сірі стіни з портретами; зали, де не можна розмовляти навіть пошепки; відсутність інтернету; довгі черги на видачі та здачі книг; купа простору заставлено непрактичними меблями. байдужий негнучкий персонал. нудне місце. жодних розвиваючих заходів. студентам просто було ніде сісти і попрацювати в команді.

зараз: місце розвитку і спілкування студентів. всі поверхи освітлені, немає картин в пилюці, достатньо столів, стільців, пуфи навіть на поверхах. прибрали громіздкі конструкції — стало більше місця. замовити книгу можна через сайт бібліотеки і взяти її без черги у залі, здати через коробку біля турнікетів. ніяких черг. є інтернет, хоча працює не дуже стабільно. зали для роботи поділені на 3 зони за рівнем шуму, тепер дотери не заважають тим, хто пише курсачі👍🏻 персонал на диво, привітний і радий допомогти.
на базі бібліотеки тепер купа розвиваючих заходів, спеціальних шкіл, а також відкритий простір бєлка. в туалетах є папір і рідке мило. у бібліотеки є канал в телеграмі, є дайджест новин. навіть можна попросити підібрати книгу з художки. насправді послугами бібліотеки кпі тепер хочеться користуватися, бо багато що стало зручним.

це реально класні зміни. так тримати, бібліотека.",2019-11-26 14:03:27+02:00,1
165,bad kpi,"#мми, 6 курс, преподаватель в.п.головенкин,принципиально не ставит а, списать это не про него, да и если получится поставит 5 из 6 за кр, потом в конце рейтинг 86-94, переписать «у вас положительная оценка! идите, не тратьте мое время», переписать могут только те у кого за кр либо пропуск либо 0. выделенных 10 минут естественно не хватает, «время на кр это время работы над заданием преподавателя поделить на 2» и как по вашему его сдать, чтобы сохранить «красный» диплом, или выйти на повышенную. самый сок это оказывается выборный предмет. да на х** он нужен. никто ничего не выбирал.",2019-12-17 12:42:56+02:00,-1
166,good kpi,"користуючись нагодою хочу ,висловити вдячність за цікаві пари симчуку  ярославу вікторовичу (знаю ви читаєте), вишмат

#фмф",2019-11-28 07:28:35+02:00,1
167,bad kpi,"#фл сулима к.в.      отходила на все лекционные и практические занятия по психологии, сдала ей словарь на 80+ терминов + тетрадь по психологии + отвечала на всех семинарах + принесла рефераты, ибо она сказала, что надо для улучшения баллов. в итоге, на зачете она говорит, что ей все равно на все эти рефераты, записанные лекции и тд и никому она так ""а"" и не поставила, аргументируя тем, что у нас всех завышенная самооценка и тип если мы термины со словаря не знаем наизусть, то как она нам может за него поставить максимальный балл. а по поводу того, что некоторые говорят, что у нее очень полезные и познавательные занятия, то лично я этого не заметила(каждая лекция чтение текста с презентации).",2019-12-17 13:00:22+02:00,-1
168,good kpi,"сотрудницы деканата #фсп ахуенно делают свою работу и вообще отличные люди

рубан,мельник,стоколос",2019-11-28 10:30:10+02:00,1
169,bad kpi,"#фсп
сулима к.в. 
пришла и сразу поставила рамки, якобы прошлый препод не давал всё как надо, и мы будем делать как она хочет, она ничего не хочет знать, как вели и что говорили сдавать. а и в сказала не поставит, если не сдадим словарь наизусть, на секунду 80+ терминов, про то что их надо учить сказала когда уже начались зачёты с других предметов. подымает голос и не даёт высказать своё мнение",2019-12-17 13:08:53+02:00,-1
170,good kpi,"#фсп в 19 корпусе, в коридорах меняют батареи :)",2019-11-28 13:23:09+02:00,1
171,bad kpi,"#фсп
2 курс
викладач анацька н.в., предмет «вступ до філософії» мала поставити залік, на останній парі читала ще лекцію, вкінці дала залікову роботу всьому потоку ( на 15 хв 32 питання) у форматі «я читаю питання, ви зразу пишете відповідь», з системою рсо не ознайомила!!! на бали які ми набрали на практиці їй начхать!!!. на питання «коли ви залік ставити будете?» сказала «найдіть мене»!!! при тому навіть свій номер не дала, тепер сидим афігіваєм як нам урізали рейтинг і чи отримаєм залік взагалі!)",2019-12-18 10:19:35+02:00,-1
172,good kpi,"#фсп 5 курс
хотелось бы рассказать об одной из тех приятных мелочей, которые поднимают настроение и делают день лучше. сегодня на второй паре, которую вел попов константин леонидович, в 19м корпусе было прохладно. студенты начали обсуждать эту тему, спросили у преподавателя дословно ""когда уже у нас будет тепло?"". преподаватель как ни в чем не бывало рассказал всю подноготную отопления кпи, рассказал какие механизмы можно нам, как студенчеству,  задействовать чтобы дали тепло наконец, и спокойно сходил и сам лично притарабанил несколько обогревателей-дуйчиков. в целом, не очень то и холодно было, но данный жест от этого менее вежливым и красивым не становится. а ведь много кто из преподавателей сказал бы что-то из разряда ""вам надо - вы и грейте"", ""без понятия где взять эти обогреватели"", итд. важное уточнение - преподавателю холодно не было, обогреватели он принес исключительно в ответ на нашу просьбу и развернул их в нашу сторону. это очень круто и приятно. спасибо!",2019-11-28 13:47:49+02:00,1
173,bad kpi,"#псф 
2 курс 
преподаватель анацька н. в.
предмет «вступление в философию» 
у нас с ней одна лекция в две недели. практику ведёт другой преподаватель, также раз в две недели. в начале семестра нас предупредили, что лектор поставит рекомендованные баллы по практике. как оказалось, на последней лекции, мы не получим зачеты. вместо этого мы проводили лекцию и писали зачётную работу в последние 15 минут пары. на вопрос, когда будет поставлен зачёт, получили что-то типа, «найдёте меня в течении недели, когда у маня выйдет».
мы выполнили учебный план, по не профильному предмету и до сих пор не можем его закрыть, а также в конце пишем обязательную зачётную работу по всему материалу хотя балов у нас достаточно!",2019-12-18 10:48:13+02:00,-1
174,good kpi,"в столовой семерки (лицей) очень доброжелательная кассир оля. уже соскучились за теплым отношением, добрым словом и профессионализмом.спасибо дирекции цсх за удачный подбор кадров! побольше таких сотрудников! с удовольствием идем обедать!",2019-11-28 13:53:17+02:00,1
175,bad kpi,"в 22 корпусе на 7 этаже кто-то сладко дунул, что от запаха шмали нереально дышать. ооаоаоа мммм)",2019-12-18 13:11:26+02:00,-1
176,good kpi,"#фивт 4 курс

приєднуючись до попереднього посту, хочу подякувати симчуку ярославу вікторовичу. викладав у мене ще на підготовчих курсах. будучи на 4 курсі, сміливо можу сказати, що це один з найкращих викладачів кпі",2019-11-29 10:43:36+02:00,1
177,bad kpi,"#иат
2 курс 
преподаватель анацька н. в.
предмет «вступление в философию» 
пришел с больничного и узнаю что у меня не будет зачёта (хоть был на каждой лекции и практики) ибо меня не было на ""зачётом тесте"".
кое-как ее нашёл, показал справку, она ответила ""это не мое дело, встретимся на допке""
допка по философии
люби живи...",2019-12-18 16:49:44+02:00,-1
178,good kpi,"#фэл  2ой курс , также хочу выразить восхищение симчуком , человек мотивировал учить свой предмет . один из лучших преподов что я встречал",2019-11-29 10:59:31+02:00,1
179,bad kpi,"#тэф
к постам про самый важный предмет у программистов - философию. на практике была очень интересная женщина сторожик м.и., которая еле выжимала из себя слова монотонным голосом. в конце семестра оказалось, что у всех около 30 баллов из 60, хотя ходили, рассказывали эти сраные первоисточники и темы. сказала ""хочешь больше - ищи её и досдавай"". и вот так вот всем потоком стояли под её кабинетом в огромной очереди, чтобы досдать хоть что-то  и не попасть на допку из-за всеми любимого предмета. приходишь на лекцию, задают написать философский смысл представления, на которое ты должен был сходить в театр, идешь в театр, пишешь смысл, сдаешь, и вдруг оказывается надо было сдавать в печатной форме, а не написать, как сделали собственно все. теперь сидишь быстро печатаешь это дерьмо на ноуте, чтобы успеть распечатать и сдать на той же паре, ибо позже ну никак нельзя.",2019-12-18 17:15:39+02:00,-1
180,good kpi,"присоединяюсь к тому, что симчук - топ ❤️",2019-11-29 11:10:32+02:00,1
181,bad kpi,"і так, почнемо. я першокурсник і мені потрібно потрапити на прийом до лікаря, вони приймають з 12:00 до 14:00. у мене на тижні кожного дня є 3 пари, які не можна пропускати за словами викладачів, адже кінець семестру. чекати наступного не варіант бо по-перше я захворів і погано себе почуваю, по-друге потрібно взяти довідку для басейну. у лікарні на м. політехнічний інститут кажуть що вас мають приймати в лікарні на янгеля. питання як попасти на прийом, не пропустивши заняття, адже довідка про те що ти був у лікаря знадобиться максимум у вбиральні...",2019-12-18 22:13:51+02:00,-1
182,good kpi,"#фмм 1 курс
иван александрович пышнограев (вышмат) - прекрасный преподаватель! интересно и понятно объясняет сложный, по крайней мере для меня, материал. всегда лояльный к каждому студенту, объективно оценивает и превращает скучные пары в настоящий праздник!!!
огромное спасибо!!",2019-11-29 11:10:46+02:00,1
183,bad kpi,не ходите в кпишную поликлинику - это может быть вредно для вашего здоровья. вас обязаны принять в любой городской поликлинике. просто запишитесь на приём на helsi.me.,2019-12-19 04:46:33+02:00,-1
184,good kpi,"ординська зоя павлівна - неймовірний викладач. на її лекції хочеться ходити щодня, їх із захопленням можна слухати десятки разів на день та насолоджуватися їх досконалістю. якщо саме вона викладає у вас математику, будьте певні, ніяких проблем з цим предметом не буде, а сама зоя павлівна - дуже мила людина. дякую вам за все.

#фивт 1 курс",2019-11-29 11:11:06+02:00,1
185,bad kpi,підпиши декларацию в будь-якій поліклініці києва і обслуговуйся там,2019-12-19 04:47:12+02:00,-1
186,good kpi,"#фэл 2 курс.
хотелось бы отметить мирошниченка анатолия петровича. преподаёт у нас материаловедение и благодаря ему предмет даётся действительно интересно и легко. это один из тех преподавателей, которые запомнятся на десятки лет и только с лучшей стороны",2019-11-29 11:26:37+02:00,1
187,bad kpi,"чел , который не может пропустить пары , но заболел , попробуй перестать быть хлюпиком и расставь приоритеты здоровье-пара , и по-моему то , что говорят преподы - это не заповеди , можно и нарушать , к тому же все тут люди , они не будут против если ты заболел и пропустишь 1 пару . просто пробуй решить проблему , а потом ной",2019-12-19 04:47:47+02:00,-1
188,good kpi,"#итс 
хотелось бы поблагодарить пелехату ольгу богдановну, вела у нас вышмат на первом курсе.
прекрасный преподаватель, няша, хорошо и доступно объясняла нам материал, с пониманием относилась к нам, была лояльна.

знаем что вы это прочитаете, большое спасибо вам!",2019-12-01 18:22:43+02:00,1
189,bad kpi,"забий на те, що тобі кажуть, що не можна пропускати пари. світ не перевернеться від одного пропуску ! твоє здоров""я важливіше ніж ті обосрані пари !",2019-12-19 04:48:12+02:00,-1
190,good kpi,"#тэф, 1й курс.
хочется выразить благодарность лицам, которые поспособствовали эксперименту с круглосуточной библиотекой. надеемся, что будет чаще.",2019-12-05 20:58:04+02:00,1
191,bad kpi,"в 19м корпусе уборщица сначала моет полы , а потом этой же тряпкой протирает поручни на лестнице",2019-12-19 07:26:28+02:00,-1
192,good kpi,"#фпм 3 курс
хочу написать про всех тех прекрасных преподавателей, которых я встретил почти за 2,5 года, которые делают кафедру прикладной математики местом, где ты действительно сможешь получить знания, которые тебе пригодится (будут только фамилии, потому что память на имя-отчество у меня слабая). 

чертов. вел матан 1-2 курс (сейчас только с магистратуры), лично меня всегда напрягал и вгонял в депрессию, но свой предмет знает на зубок и ставит за цель действительно научить студентов думать.

темникова. один из любимейших преподавателей за 3 курса. ведёт дискреную математику. прекрасно подаёт материал, так что даже самым последним раздолбаям будет понятно, что 2+2=4, при этом не скатываясь в совсем тривиальную чепуху. а еще она приятный и очень добрый в общении человек, но лучше этим не злоупотреблять)

терещенко. ведёт пайтон и базы данных. достаточно противоречивая личность и как человек говно, но преподавать предмет и вкладывать знания он умеет. сильный преподаватель, у которого, тем не менее, гигантское чсв.

климук. ведёт физику, не самый нужный предмет на фпм, но относится лояльно, если ходить на пары. активная барышня, которая по уши влюблена в свой предмет и это побуждает (по крайней мере меня) учить его с удовольствием
.
ладогубец. методы оптимизации. ведёт начиная с 3 курса, очень позитивный преподаватель, максимально не валит и при это хорошо знает свой предмет. рассказывает для тех, кто хочет слушать, не ругает за непосещаемость и другие вещи, готова 100500 раз объяснить лично, если что-то непонятно.


подводя итог хочу сказать, что ради этих преподавателей нужно поступать на кафедру прикладной математики и хочу сказать им большое спасибо за то, что они делают для студентов.",2019-12-05 22:18:38+02:00,1
193,bad kpi,"7 корпус. 

уважаемые преподаватели! некоторые из вас в силу непонятных причин вбили себе в голову, что центральный лифт – ""для преподавателей"", а студенты – ну,  как повезёт.

открою тайну: нет никакой лифтовой субординации. лифт — место общего пользования. и если лифт не едет, то выходит тот, кто зашёл последний, а не ""студенти, виходьте/ хлопці, виходьте/це для викладачів"". или пусть администрация приклеит возле входа выдержку из положения,  где сказано, что лифт для преподавателей, или прекращайте выгонять студентов. они так же спешат, как и вы. если опаздываете – это ваша проблема, а не тех, кто возле вас",2019-12-19 08:55:21+02:00,-1
194,good kpi,"#фсп phd
спасибо всем причастным за круглосуточную библиотеку! мечта сбылась! было очень здорово и атмосферно. надеюсь на продолжение.",2019-12-06 05:18:09+02:00,1
195,bad kpi,"паховник н.а. преподаватель охраны труда на фивте. ходил на все её пары, сдавал всё во время. добавляла баллы студентом за посещение лекций, мне не добавила ничего. в итоге, люди у который были баллы такие же как у меня получили оценку на 10 баллов больше, мне же поставила оценку, которую я получил за практику. спросила за единственное отсутствие на её лекции, которое я объяснил. но видимо это никак не повлияло на её решение. как же здорово иметь баллы за предмет, который ты старался сдать на максимум и сдавал всё вовремя, меньше чем у тех, кто почти не ходил на эти пары.",2019-12-19 09:45:10+02:00,-1
196,good kpi,"#фмм 2 курс 
хочу похвалить преподавателя финансов  мартыненка в.п.
человек  ясно и чётко  устанавливает свои требования, пришёл-сдал-получил  балл.
ещё радует то, что он не предвзято  относится к студентам, а ставит  по факту.
вообще, это проблема  некоторых  преподов --- если так вышло, что несколько занятий  по ряду  причин ты  не мог выдать нормальный результат, а потом прошел  весь материал(и всё супер ), то все равно  отношение может быть  предвзятым.и  в глазах препода ты слабый студент. выше 65 оценки не видать. (повторюсь всех не говорю)
и так же хочу отметить черненко оксану владимировну. 
настолько  этот человек просто и понятно объясняет, жаль конечно, не  всегда есть время разобраться. 
но у неё  есть желание максимально помочь студентам, идёт на встречу, за что спасибо.",2019-12-14 07:59:36+02:00,1
197,bad kpi,"#фивт, блаблакар

праховник «ставит пометочки». это так, будущим поколениям. разговариваешь на паре - отметка, в телефоне сидишь - отметка, опоздал - отметка, пошутил/сказал что-то вслух - отметка. потом эти отметки конвертируются в минус баллы. 2020 год на носу, зеленский президент, трампу объявляют импичмент, а всякие кон челыги все ещё работают в моем любимом живилюби❤️

*читайте на два полутона ниже*))",2019-12-19 10:35:40+02:00,-1
198,good kpi,"привіт, народ. вчора я зайшов до одного з кращих викладачів у цьому університеті. цю людину звати владіміров володимир миколайович. він виховав у мені силу, силу допомагати собі, розбиватись але вивчати математичний аналіз. він надзвичайно сильно цінує студентів, він вкладає колосальні сили в те, щоб народ був освіченим, але він теж людина. майте повагу до своїх викладачів, відвідуйте пари, робіть лабораторні, спілкуйтесь з викладачами. таким чином ви зможете показати, що поважаєте себе.",2019-12-18 08:54:32+02:00,1
199,bad kpi,"на счет «у меня хуже, чем у других». 
это тоже самое, что у соседей вода вкуснее. не стоит сравнивать себя и кого-то еще. считаешь, что недооценили? говори, добивайся, спрашивай. не выходит - ругайся на преподавателей, вини их, а не тех, кому поставили баллов больше. это как минимум низко",2019-12-19 11:18:02+02:00,-1
200,good kpi,"самый прекрасный преподаватель английского в моей жизни - баранов святослав юрьевич. ""кормит"" не сухими словами и конструкциями, а учит применять свой словарный запас в разных (очень жизненных) ситуациях. каждая пара это увлекательная практика языка, на занятие студенты ходят с огромным удовольствием. 
#фмм",2019-12-19 09:52:42+02:00,1
